TemperaturError,0.0
TyphoonState,0.0
FestivaState,0.001081350478873251
Weather,0.003931534895529802
TemperatureHight,0.009688872202771776
TemperatureLow,0.011591109409798427
Comfortable,0.021780145751329617
WorkState,0.03927740561391739
week,0.047861426389247785
ThreeDaysAgo,0.09585940925645722
TneHourAgo,0.11042076500894105
ThreeHourAgo,0.11445767609806815
TwoDaysAgo,0.11787269801085706
OneHourAgo,0.18738986259984144
OneDaysAgo,0.23878774428436697
